{
  "image_path": "E:/datasets/Breast_Zhujiang\\H1503537\\H1503537.dmetrix",
  "color_and_type": {
    "\u80bf\u7624\u533a\u57df": [
      255,
      0,
      0,
      255
    ],
    "\u57fa\u8d28\u533a\u57df": [
      85,
      255,
      127,
      255
    ],
    "\u8f6f\u9aa8\u533a\u57df": [
      0,
      0,
      255,
      255
    ],
    "\u817a\u4f53\u533a\u57df": [
      255,
      255,
      0,
      255
    ]
  },
  "annotation": {
    "\u6807\u6ce80": {
      "location": [
        [
          26957.00939897374,
          19796.104252400546
        ],
        [
          26228.665142508766,
          20004.202611390538
        ],
        [
          25448.296296296303,
          20472.423919118017
        ],
        [
          24667.927450083833,
          20940.645226845496
        ],
        [
          23783.50942437637,
          21512.915714067974
        ],
        [
          22951.115988416404,
          22189.235380785445
        ],
        [
          22482.894680688925,
          22761.505868007924
        ],
        [
          22222.77173195143,
          23489.85012447289
        ],
        [
          22066.697962708942,
          24270.21897068536
        ],
        [
          22066.697962708942,
          24946.53863740283
        ],
        [
          22066.697962708942,
          25622.858304120302
        ],
        [
          22743.017629426413,
          26091.07961184778
        ],
        [
          23627.435655133875,
          26195.12879134278
        ],
        [
          24459.82909109384,
          26247.153381090277
        ],
        [
          25396.2717065488,
          26143.104201595277
        ],
        [
          26228.665142508766,
          25778.932073362797
        ],
        [
          26800.935629731244,
          25258.686175887815
        ],
        [
          27217.132347711227,
          24478.317329675352
        ],
        [
          27425.23070670122,
          23854.022252705377
        ],
        [
          27685.353655438706,
          23125.677996240403
        ],
        [
          27893.452014428698,
          22501.38291927043
        ]
      ],
      "color": [
        255,
        0,
        0,
        255
      ],
      "tool": "\u591a\u8fb9\u5f62",
      "type": "\u80bf\u7624\u533a\u57df"
    }
  }
}